title,content,source,publishedAt,url,Overall Sentiment,Positive Sentiment,Neutral Sentiment,Negative Sentiment
FDA revokes emergency authorization for chloroquine and hydroxychloroquine in COVID-19 treatment,"The U.S. Food and Drug Administration (FDA) has revoked an emergency use authorization (EUA) that it previously issued for chloroquine and hydroxychloroquine, two anti-malarial drugs also used in the… [+1860 chars]","{'id': 'techcrunch', 'name': 'TechCrunch'}",2020-06-15 16:53:44,http://techcrunch.com/2020/06/15/fda-revokes-emergency-authorization-for-chloroquine-and-hydroxychloroquine-in-covid-19-treatment/,0.0,0.0,0.99,0.01
Yelp lets businesses share how they're enforcing COVID-19 safety precautions,"As more parts of the world are “reopening,” people may be wondering how service could be different at a local store or restaurant. With this in mind, Yelp has made two major changes: the addition of … [+937 chars]","{'id': 'engadget', 'name': 'Engadget'}",2020-06-16 11:00:07,https://www.engadget.com/yelp-lets-businesses-share-covid-19-safety-precautions-110007171.html,0.0,0.02,0.87,0.11
Scientists Warn That Covid-19 Could Cause Diabetes,There may be a double whammy when it comes to the covid-19 pandemic and diabetes. Scientists are warning that people with pre-existing diabetes have a higher risk of developing serious complications … [+3958 chars],"{'id': None, 'name': 'Gizmodo.com'}",2020-06-16 13:25:00,https://gizmodo.com/scientists-warn-that-covid-19-could-cause-diabetes-1844043990,-1.0,0.0,0.0,1.0
Oversight war on Covid relief aid starts to boil over,,"{'id': 'cnn', 'name': 'CNN'}",2020-06-16 14:28:35,https://www.cnn.com/2020/06/16/politics/covid-relief-aid-oversight-war/index.html,-1.0,0.01,0.01,0.98
Germany's voluntary contract tracing app is available to download,"According to the Associated Press, the government spent €20 million (approximately $22.5 million) funding the development of the app. Moving forward, it expects to spend another €2.5 million to €3.5 … [+1723 chars]","{'id': 'engadget', 'name': 'Engadget'}",2020-06-16 15:12:21,https://www.engadget.com/germany-corona-warn-app-now-available-151221282.html,0.0,0.0,0.99,0.01
How to Tell If That New COVID-19 Story Is Worth Getting Excited About,"Maybe someday there will be a vaccine or a miracle cure for COVID-19. But if that occurs, it will not be immediately obvious from a news story thats trumpeted across your TV or your social media feed… [+4442 chars]","{'id': None, 'name': 'Lifehacker.com'}",2020-06-16 16:15:00,https://vitals.lifehacker.com/how-to-tell-if-that-new-covid-19-story-is-worth-getting-1844052925,1.0,0.97,0.01,0.02
Toilets Can Blow Coronavirus Poop All Over the Place—You’ve Been Warned,"Heres some bathroom advice for the covid-19 pandemic era, courtesy of a new study published Tuesday.
The studys authors found evidence that the simple act of flushing can shoot poop particles up to … [+3090 chars]","{'id': None, 'name': 'Gizmodo.com'}",2020-06-16 18:53:00,https://gizmodo.com/toilets-can-blow-coronavirus-poop-all-over-the-place-yo-1844053857,-1.0,0.0,0.0,1.0
Covid-19 Is Bad. But It May Not Be the ‘Big One’,"Along with scientists, many others, including legislators, former health agency leaders, and members of pastinvestigatorycommissions, are now saying that well need something similar to make sense of … [+4103 chars]","{'id': 'wired', 'name': 'Wired'}",2020-06-17 12:00:00,https://www.wired.com/story/covid-19-is-bad-but-it-may-not-be-the-big-one/,-1.0,0.0,0.0,1.0
Microsoft employs experimental undersea data center in search for COVID-19 vaccine,Part of the challenge in seeking out an effective treatment for COVID-19 is simply one of scale protein folding is key to understanding how the virus that causes COVID-19 attaches to health cells in … [+1920 chars],"{'id': 'techcrunch', 'name': 'TechCrunch'}",2020-06-17 14:07:15,http://techcrunch.com/2020/06/17/microsoft-employs-experimental-undersea-data-center-in-search-for-covid-19-vaccine/,0.0,0.0,1.0,0.0
"As layoffs slow and churn improves, is startup health improving?","Startup health appears to be recovering in the United States, new data shows.
According to several metrics TechCrunch has tracked throughout the COVID-19 era, the fortunes of some startups appear to… [+2429 chars]","{'id': 'techcrunch', 'name': 'TechCrunch'}",2020-06-17 14:39:22,http://techcrunch.com/2020/06/17/as-layoffs-slow-and-churn-improves-is-startup-health-improving/,1.0,0.66,0.14,0.2
How D2C brands are holding up during the pandemic,"More posts by this contributor
A lot has happened during the COVID-19 lockdowns in terms of human behavior.
E-commerce seems to have grown at the same rate in the last two months as it did in the l… [+4821 chars]","{'id': 'techcrunch', 'name': 'TechCrunch'}",2020-06-17 15:15:59,http://techcrunch.com/2020/06/17/how-d2c-brands-are-holding-up-during-the-pandemic/,0.0,0.01,0.87,0.12
"If Someone in Your Home Has Covid-19, Do These Things First","If someone you live with has been diagnosed with COVID-19, or seems very likely to have it (for example, if they are awaiting test results), you suddenly have an important job: Take care of the perso… [+5875 chars]","{'id': None, 'name': 'Lifehacker.com'}",2020-06-18 15:30:00,https://vitals.lifehacker.com/if-someone-in-your-home-has-covid-19-do-these-things-f-1844072073,0.0,0.01,0.99,0.0
Make a COVID-19 Backup Plan Before You Return to the Office,"After months of working from home and only from home, you might be excited by the prospect of going back to your office. Shared microwaves! Water-cooler chit-chat! Conference room reservations runnin… [+2522 chars]","{'id': None, 'name': 'Lifehacker.com'}",2020-06-18 18:15:00,https://twocents.lifehacker.com/make-a-covid-19-backup-plan-before-you-return-to-the-of-1844081211,0.0,0.01,0.98,0.01
Is Your Employer Required to Report Workplace Cases of COVID-19?,"Though no one seems to have told the coronavirus, apparently the pandemic is over. Certainly lockdowns are easing and many of us have been or will soon be required to report back to the workplaceif y… [+4712 chars]","{'id': None, 'name': 'Lifehacker.com'}",2020-06-18 20:30:00,https://vitals.lifehacker.com/is-your-employer-required-to-report-workplace-cases-of-1844081062,0.0,0.0,1.0,0.0
Lime report shows micromobility travel poses the lowest risk of contracting COVID-19,"“The scientific literature suggests that as an open-air mode that allows for social distancing, micromobility carries a much lower baseline risk of transmission than other shared modes,” the company … [+505 chars]","{'id': 'engadget', 'name': 'Engadget'}",2020-06-19 13:02:51,https://www.engadget.com/lime-report-micromobility-travel-avoid-covid-19-130251959.html,-1.0,0.0,0.01,0.99
Support Black-Owned Brands at This Online Juneteenth Market,"Small businesses have been hit especially hard during the COVID-19 pandemic, including the one Cynthia Daniels runs. As an event planner in Memphis, Daniels work quickly dried up. Then in May, when s… [+1925 chars]","{'id': None, 'name': 'Lifehacker.com'}",2020-06-19 16:00:00,https://lifehacker.com/support-black-owned-brands-at-this-online-juneteenth-ma-1844093137,0.0,0.02,0.98,0.0
Is Trump campaign liable if a rallygoer catches COVID-19?,Chat with us in Facebook Messenger. Find out what's happening in the world as it unfolds.,"{'id': 'cnn', 'name': 'CNN'}",2020-06-20 14:59:09,https://www.cnn.com/videos/tv/2020/06/19/is-trump-campaign-liable-if-a-rallygoer-catches-covid-19.cnn,0.0,0.01,0.62,0.37
Go read this Daily Beast story about Sergey Brin’s secret disaster relief team,"Yes, the co-founder of Google
Photo by MediaNews Group/Bay Area News via Getty Images
[extreme Stefon voice]: This story has everything: A high-speed super-yacht, a secret disaster strike force, a … [+2716 chars]","{'id': 'the-verge', 'name': 'The Verge'}",2020-06-21 17:51:40,https://www.theverge.com/2020/6/21/21298289/go-read-this-sergey-brin-disaster-yacht-google,-1.0,0.14,0.22,0.64
"There's No Cure for Covid-19 Loneliness, but Robots Can Help","During the Covid-19 crisis, Shibata has corresponded with people all over the world who have recently turned to Paro robots as a therapeutic tool. In addition to their increased prominence in elderly… [+4295 chars]","{'id': 'wired', 'name': 'Wired'}",2020-06-22 12:00:00,https://www.wired.com/story/covid-19-robot-companions/,-1.0,0.45,0.02,0.53
Get These Cool iOS App Stickers by Giving to the Equal Justice Initiative,"Apples WWDC 2020 convention will be a remote, online-only event due to the COVID-19 pandemic. The decision keeps attendees safe, but it does have its downsidesnamely, the social aspect of WWDC, where… [+1650 chars]","{'id': None, 'name': 'Lifehacker.com'}",2020-06-22 13:00:00,https://lifehacker.com/get-these-cool-ios-app-stickers-by-giving-to-the-equal-1844085535,1.0,0.99,0.01,0.0
Use AI responsibly to uplift historically disenfranchised people during COVID-19,"More posts by this contributor
One of the most distressing aspects of the ongoing pandemic is that COVID-19 is having a disproportionate impact on communities of color and lower-income Americans due… [+14358 chars]","{'id': 'techcrunch', 'name': 'TechCrunch'}",2020-06-22 14:15:08,http://techcrunch.com/2020/06/22/use-ai-responsibly-to-uplift-historically-disenfranchised-people-during-covid-19/,0.0,0.14,0.85,0.01
Ideas for a post-COVID-19 workplace,"As a workplace strategist, I am constantly asked, What is the workplace of the future?
Its a question I dread, because a subtext typically lingers underneath, e.g., I hate the open office, All this … [+2141 chars]","{'id': 'techcrunch', 'name': 'TechCrunch'}",2020-06-22 14:25:51,http://techcrunch.com/2020/06/22/ideas-for-a-post-covid-19-workplace/,0.0,0.01,0.98,0.01
Capsule’s video Q&A platform helps brands reach their community in the post-COVID era,"A new startup called Capsule has launched a new way for brands to create original video content with their community in the form of Q&amp;As. But unlike a simple Instagram Stories’ Q&amp;A session, C… [+5397 chars]","{'id': 'techcrunch', 'name': 'TechCrunch'}",2020-06-22 16:33:05,http://techcrunch.com/2020/06/22/capsules-video-qa-platform-helps-brands-reach-their-community-in-the-post-covid-era/,1.0,0.69,0.3,0.01
How to Prevent COVID-19 While Still Enjoying Your Summer,"Do you remember earlier this year, when people were sure that the pandemic would end when the weather warmed up?
Well, funny story...
We are deep into June and the coronavirus is as strong as ever,… [+1311 chars]","{'id': None, 'name': 'Lifehacker.com'}",2020-06-22 18:00:00,https://vitals.lifehacker.com/how-to-prevent-covid-19-while-still-enjoying-your-summe-1844118424,1.0,0.95,0.05,0.0
Does Your Blood Type Affect Your Risk of Covid-19?,"An intriguing study published last week found a link between covid-19 severity and having type A blood; type O blood, on the other hand, was linked to a lower chance of severe illness. But its unlike… [+6429 chars]","{'id': None, 'name': 'Gizmodo.com'}",2020-06-22 20:40:00,https://gizmodo.com/does-your-blood-type-affect-your-risk-of-covid-19-1844085113,-1.0,0.0,0.01,0.99
Novak Djokovic: World number one becomes latest tennis player to test positive for coronavirus,World number one Novak Djokovic has become the latest tennis player to test positive for Covid-19.,"{'id': 'bbc-news', 'name': 'BBC News'}",2020-06-23 12:17:23,https://www.bbc.co.uk/sport/tennis/53148053,0.0,0.08,0.92,0.0
"Facebook tests Forecast, an app for making predictions about world events, like COVID-19","Forecast, a new project from Facebook’s internal R&amp;D group, NPE Team, is launching today to build a community around predictions. The iOS app will allow users to ask questions and then use in-app… [+4604 chars]","{'id': 'techcrunch', 'name': 'TechCrunch'}",2020-06-23 14:36:36,http://techcrunch.com/2020/06/23/facebook-tests-forecast-an-app-for-making-predictions-about-world-events-like-covid-19/,0.0,0.01,0.98,0.01
Six ways the pandemic was on display at Apple’s WWDC,"Memoji can now be customized with face coverings. | Image: Apple

 The COVID-19 pandemic has affected nearly every facet of our lives, so it’s only natural that it would impact more than one of Apple… [+7407 chars]","{'id': 'the-verge', 'name': 'The Verge'}",2020-06-23 15:00:00,https://www.theverge.com/2020/6/23/21300196/apple-wwdc-2020-presentation-coronavirus-handwashing-face-mask,-1.0,0.01,0.42,0.57
"UK’s CMA clears Amazon’s 16% Deliveroo stake, says COVID-19 impact less severe than initially thought","More than a year after Amazon announced that it would be lead a $575 million investment into UK food delivery startup Deliveroo, the country’s competition regulator, the CMA, has finally announced th… [+5107 chars]","{'id': 'techcrunch', 'name': 'TechCrunch'}",2020-06-24 14:45:40,http://techcrunch.com/2020/06/24/uks-cma-clears-amazons-16-deliveroo-stake-says-covid-19-impact-less-severe-than-initially-thought/,-1.0,0.0,0.01,0.99
Sonos will lay off 12 percent of its workforce due to COVID-19,"It isn’t clear exactly how many employees will be laid off. According to Sonos’ investor relations website, it currently has more than 1,450 full-time employees, so about 175 people may lose their jo… [+632 chars]","{'id': 'engadget', 'name': 'Engadget'}",2020-06-24 14:52:39,https://www.engadget.com/sonos-layoffs-covid-19-145239555.html,0.0,0.0,0.99,0.01
Demand for fertility services persists despite COVID-19 shutdowns,"In 2019, the global fertility services industry was estimated to be worth $14.8 billion with demand driven by the significant growth in the median age of first-time mothers, according to a Research &… [+1688 chars]","{'id': 'techcrunch', 'name': 'TechCrunch'}",2020-06-24 20:40:14,http://techcrunch.com/2020/06/24/demand-for-fertility-services-persists-despite-covid-19-shutdowns/,0.0,0.01,0.97,0.02
Why Massive Saharan Dust Plumes Are Blowing Into the US,"It doesn't help matters for any budding hurricanes that the dust in the SAL is absorbing heat from the sun as it travels across the Atlantic, creating still more atmospheric stability. Even worse for… [+3236 chars]","{'id': 'wired', 'name': 'Wired'}",2020-06-25 11:00:00,https://www.wired.com/story/saharan-dust-plumes-are-blowing-into-the-us/,0.0,0.02,0.75,0.23
COVID-19 killed the era of 'big' flying,"Airbus is, of course, one of the world’s two major aircraft manufacturers, the other being the US-based Boeing. But, even now, it’s not clear that any quantity of cash will be enough to see flying re… [+7239 chars]","{'id': 'engadget', 'name': 'Engadget'}",2020-06-25 14:30:24,https://www.engadget.com/covid-19-airplane-design-140024672.html,-1.0,0.0,0.0,1.0
These ingenious portholes can reduce the risk of COVID-19 transmissions in hospitals,"STUCK is a design agency in Singapore, who have been working on a number of COVID-19 initiatives. One involves using geometry and elasticity to create portholes that seal quickly around the arm. They… [+87 chars]","{'id': 'mashable', 'name': 'Mashable'}",2020-06-25 14:43:16,https://mashable.com/video/self-sealing-portholes-covid-19-stuck-design/,1.0,0.62,0.1,0.28
McCarthy outraged by Covid-19 question,Chat with us in Facebook Messenger. Find out what's happening in the world as it unfolds.,"{'id': 'cnn', 'name': 'CNN'}",2020-06-25 20:51:40,https://www.cnn.com/videos/politics/2020/06/25/kevin-mccarthy-trump-comment-coronavirus-raju-vpx.cnn,-1.0,0.0,0.15,0.85
NASA’s JPL open-sources an anti-face-touching wearable to help reduce the spread of COVID-19,"There are some wearables out there in the world that are making claims around COVID-19 and their ability to detect it, prevent it, certify that you don’t have it, and more. But a new wearable device … [+2190 chars]","{'id': 'techcrunch', 'name': 'TechCrunch'}",2020-06-25 21:40:29,http://techcrunch.com/2020/06/25/nasas-jpl-open-sources-an-anti-face-touching-wearable-to-help-reduce-the-spread-of-covid-19/,0.0,0.2,0.8,0.0
Apple Recloses 10% of US Stores Following Spike in Covid-19 Cases,"After shuttering all of its U.S. retail locations in mid-March to prevent the spread of covid-19, Apple began reopening stores last month in May. But now, due to a recent spike in covid cases, Apple … [+1835 chars]","{'id': None, 'name': 'Gizmodo.com'}",2020-06-26 15:03:00,https://gizmodo.com/apple-recloses-10-of-us-stores-following-spike-in-covi-1844176758,0.0,0.0,1.0,0.0
Hype and hope: Wearables in the covid era,"Enter the ring
When players arrive to Disney World’s “Life inside the Bubble” — tentative date July 30 — to restart the NBA basketball season, they’ll be met with a buffet of futuristic gadgets they… [+8866 chars]","{'id': 'engadget', 'name': 'Engadget'}",2020-06-26 19:00:06,https://www.engadget.com/hype-and-hope-wearables-in-the-covid-era-190006602.html,1.0,0.99,0.0,0.01
Super Nintendo World theme park opening delayed due to COVID-19,"Universal Studios’ theme park in Japan tentatively reopened to visitors on June 8th, but that doesn’t mean its upcoming Super Nintendo World section will be open on time. NHK says company has indefin… [+450 chars]","{'id': 'engadget', 'name': 'Engadget'}",2020-06-27 21:48:33,https://www.engadget.com/universal-delays-super-nintendo-world-theme-park-214833102.html,-1.0,0.01,0.01,0.98
The Morning After: COVID-19 delays Super Nintendo World theme park indefinitely,"The week starts without any Microsoft news bombs — it was busy enough last week for the company. 
So, instead, my attention is was drawn to Super Nintendo World. Universal Studios’ theme park in Jap… [+3041 chars]","{'id': 'engadget', 'name': 'Engadget'}",2020-06-29 11:30:33,https://www.engadget.com/the-morning-after-nintendo-theme-park-113033164.html,-1.0,0.0,0.0,1.0
Apple began work on the Watch’s hand washing feature years before COVID-19,"Handwashing for the Apple Watch happily slotted alongside face masks for Memojis in the list of COVID-19-related features the company introduced at last weeks WWDC keynote. Its a pedestrian action, s… [+3946 chars]","{'id': 'techcrunch', 'name': 'TechCrunch'}",2020-06-29 13:00:48,http://techcrunch.com/2020/06/29/apple-began-work-on-the-watchs-hand-washing-feature-years-before-covid-19/,0.0,0.01,0.95,0.04
"Exclusive: Survey finds startups drifting away from offices, post COVID-19","Early-stage startups are confident of re-opening their offices in the wake of the COVID-19 within the next 6 months. But: there will be changes.
An exclusive survey compiled by Founders Forum, with … [+6867 chars]","{'id': 'techcrunch', 'name': 'TechCrunch'}",2020-06-29 13:30:29,http://techcrunch.com/2020/06/29/exclusive-survey-finds-startups-drifting-away-from-offices-post-covid-19/,0.0,0.01,0.94,0.05
Medtech assessor Elektra Labs is offering free evaluations of COVID-19 biosensors to doctors,"As COVID-19 cases in the US continue to spike and doctors and researchers try to marshal any and all technological resources to help patients, understand the disease, and fight off the spread of the … [+3603 chars]","{'id': 'techcrunch', 'name': 'TechCrunch'}",2020-06-29 13:42:55,http://techcrunch.com/2020/06/29/medtech-assessor-elektra-labs-is-offering-free-evaluations-of-covid-19-biosensors-to-doctors/,1.0,0.61,0.39,0.0
Amazon warehouse workers strike in Germany over COVID-19 conditions,"Amazon warehouse workers in Germany are striking for 48 hours this week, to protest conditions that have led to COVID-19 infections among fellow employees. Strikes began today at six warehouses and a… [+1776 chars]","{'id': 'techcrunch', 'name': 'TechCrunch'}",2020-06-29 14:09:37,http://techcrunch.com/2020/06/29/amazon-warehouse-workers-strike-in-germany-over-covid-19-conditions/,-1.0,0.0,0.16,0.84
Google News will direct users to local COVID-19 info,"Google is making a few other useful changes. When people look for coronavirus info in Search, the news carousel will now include tweets from local officials and health authorities. This feature is av… [+1164 chars]","{'id': 'engadget', 'name': 'Engadget'}",2020-06-29 14:45:25,https://www.engadget.com/google-news-covid-19-local-news-publishers-144525941.html,0.0,0.0,1.0,0.0
Singapore offers Bluetooth COVID-19 trackers to smartphone-less seniors,"It’s not a given that everyone has a smartphone. That’s usually all fine and good, but countries around the world are hoping to use the devices to track contact between those with COVID-19 and the re… [+797 chars]","{'id': 'engadget', 'name': 'Engadget'}",2020-06-29 16:30:04,https://www.engadget.com/singapore-covid-19-bluetooth-tracker-163004157.html,0.0,0.0,1.0,0.0
Google adds local COVID-19 news coverage to its Google News app in pilot test,"Google is piloting a new way to bring local news about the COVID-19 pandemic to its Google News application. In partnership with regional news publications in select cities across the U.S., the Googl… [+4126 chars]","{'id': 'techcrunch', 'name': 'TechCrunch'}",2020-06-29 18:00:59,http://techcrunch.com/2020/06/29/google-adds-local-covid-19-news-coverage-to-its-google-news-app-in-pilot-test/,0.0,0.01,0.98,0.01
Amazon hopes a small bonus will please staff working through COVID-19,"Amazon is paying its logistics workers a one-time $500 bonus as a “thank you” for working on the front lines during the coronavirus pandemic, according to a company blog post. The bonus comes after A… [+615 chars]","{'id': 'engadget', 'name': 'Engadget'}",2020-06-29 19:58:05,https://www.engadget.com/amazon-bonus-covid-19-195805157.html,1.0,0.96,0.03,0.01
"Americans must unify against vast Covid-19 spread, experts say",(CNN)Surges in new Covid-19 infections have paused or rolled back reopening plans in at least 19 states as the nation's top infectious disease doctor offered a bleak warning: Americans need to take s… [+5337 chars],"{'id': 'cnn', 'name': 'CNN'}",2020-07-01 09:02:15,https://www.cnn.com/2020/07/01/health/us-coronavirus-wednesday/index.html,0.0,0.03,0.93,0.04
Where Should Covid-19 Vaccines Be Tested? It's a Moving Target,"A word about how clinical trials work. Candidate vaccines and potential drugs spend years progressing through lab studies, then animal studies, and then tests in humans. The current trials are able t… [+3762 chars]","{'id': 'wired', 'name': 'Wired'}",2020-07-01 11:00:00,https://www.wired.com/story/where-should-covid-19-vaccines-be-tested-its-a-moving-target/,0.0,0.03,0.96,0.01
"You Purged Racists From Your Website? Great, Now Get to Work","Losing access to YouTube, Twitch, and Reddit is not trivial. It means hate-mongers cannot use these mainstream forms of social media to reach new audiences and harass their targets into silence. Beca… [+3828 chars]","{'id': 'wired', 'name': 'Wired'}",2020-07-01 11:00:00,https://www.wired.com/story/you-purged-racists-from-your-website-great-now-get-to-work/,,0.5,0.0,0.5
Schools Already Struggled With Cybersecurity. Then Came Covid-19,"Another issue Henry found was in the way Polk County used Microsoft SharePoint platform, a collaboration and storage tool, to manage data. He noticed that students and teachers were lumped together i… [+3761 chars]","{'id': 'wired', 'name': 'Wired'}",2020-07-01 11:00:00,https://www.wired.com/story/schools-already-struggled-cybersecurity-then-came-covid-19/,-1.0,0.0,0.0,1.0
Google holds off on reopening US offices due to the latest COVID-19 spike,"On Tuesday, California saw its highest single-day increase in cases (8,441) since the start of the pandemic. The US also saw its biggest one-day spike, with 47,000 new cases.
Google originally plann… [+646 chars]","{'id': 'engadget', 'name': 'Engadget'}",2020-07-01 13:33:21,https://www.engadget.com/google-covid-19-delays-offices-opening-133321539.html,0.0,0.0,0.98,0.02
"Google confirms US offices will remain closed until at least September, as COVID-19 spikes",,"{'id': 'google-news', 'name': 'Google News'}",2020-07-01 16:48:38,http://feedproxy.google.com/~r/Techcrunch/~3/inQIWpDwvxE/,0.0,0.0,1.0,0.0
Your Visual Reminder That Covid Is Way More Than the Flu,People die of the flu sometimes. People die of COVID-19 sometimes. People die of suicide and drug overdoses and heart disease and a lot of other things. So if there havent been many COVID-19 deaths i… [+1357 chars],"{'id': None, 'name': 'Lifehacker.com'}",2020-07-01 20:00:00,https://vitals.lifehacker.com/your-visual-reminder-that-covid-is-way-more-than-the-fl-1844235054,-1.0,0.01,0.02,0.97
NASA made a necklace that buzzes every time you try to touch your face — Future Blink,"Named Pulse, the 3D-printed necklace is meant to help slow the spread of COVID-19.","{'id': 'mashable', 'name': 'Mashable'}",2020-07-01 20:53:25,https://mashable.com/video/pulse-nasa-motion-necklace/,0.0,0.03,0.96,0.01
State-backed COVID-19 disinfo spreads faster and farther than local news outlets in 4 languages,"Questionable stories on COVID-19 from state-backed outlets in Russia, China, Turkey, and Iran are being shared more widely than reporting by major news organizations around the world, according to Ox… [+3328 chars]","{'id': 'techcrunch', 'name': 'TechCrunch'}",2020-07-01 23:01:22,http://techcrunch.com/2020/07/01/state-backed-covid-19-disinfo-spreads-faster-and-farther-than-local-news-outlets-in-4-languages/,1.0,0.59,0.33,0.08
Cubs pitching coach shares emotional battle with Covid-19,Chat with us in Facebook Messenger. Find out what's happening in the world as it unfolds.,"{'id': 'cnn', 'name': 'CNN'}",2020-07-02 14:49:54,https://www.cnn.com/videos/sports/2020/07/02/chicago-cubs-pitching-coach-tommy-hottovy-coronavirus-mxp-vpx.hln,-1.0,0.0,0.02,0.98
Berkeley’s Innovative Genomics Institute is rolling out a spit test for COVID-19 testing,"Scientists from the University of California, Berkeley, have begun trials of a new spit test for COVID-19 infections developed by the university’s Innovative Genomics Institute.
Since the disease wa… [+3250 chars]","{'id': 'techcrunch', 'name': 'TechCrunch'}",2020-07-02 16:31:56,http://techcrunch.com/2020/07/02/berkeleys-innovative-genomics-institute-is-rolling-out-a-spit-test-for-covid-19-testing/,0.0,0.0,0.99,0.01
How to Successfully Start a New Job Remotely,"Its hard to think of any professions that havent been impacted by the COVID-19 global pandemic. Whether you lost your job, transitioned to working from home or have had to follow new protocols as an … [+6728 chars]","{'id': None, 'name': 'Lifehacker.com'}",2020-07-02 17:45:00,https://lifehacker.com/how-to-successfully-start-a-new-job-remotely-1844247623,0.0,0.14,0.82,0.04
Don't Trust Your Hotel's COVID-19 Cleaning Policy,"Hotels are gross. There, I said it. Its something we often forget about, especially if were staying at a place thats a bit classier than the Schitts Creek Motel, but anywhere you sleep where 1) other… [+3593 chars]","{'id': None, 'name': 'Lifehacker.com'}",2020-07-02 19:00:00,https://lifehacker.com/dont-trust-your-hotels-covid-19-cleaning-policy-1844247370,-1.0,0.0,0.0,1.0
Coronavirus in North Korea: Kim Jong-un claims 'shining success',"Image copyrightGetty ImagesImage caption
 State media said Kim warned against a hasty relaxing of restrictions
North Korean leader Kim Jong-un has hailed his country's ""shining success"" in dealing … [+2199 chars]","{'id': 'bbc-news', 'name': 'BBC News'}",2020-07-03 03:19:14,https://www.bbc.co.uk/news/world-asia-53274152,1.0,0.85,0.11,0.04
Four views: is edtech changing how we learn?,"In the future, students might dismiss stories about weather-related school closures as folklore.
The COVID-19 pandemic compelled us to experiment with edtech, but it’s still unclear whether attendin… [+3976 chars]","{'id': 'techcrunch', 'name': 'TechCrunch'}",2020-07-03 14:00:20,http://techcrunch.com/2020/07/06/four-views-how-will-remote-learning-change-the-way-students-learn/,0.0,0.31,0.68,0.01
Ex-CDC official: Covid will attend Trump's Mount Rushmore event,Chat with us in Facebook Messenger. Find out what's happening in the world as it unfolds.,"{'id': 'cnn', 'name': 'CNN'}",2020-07-04 00:01:21,https://www.cnn.com/videos/health/2020/07/03/covid-mount-rushmore-trump-july-4-schaffner-ebof-sot-vpx.cnn,0.0,0.0,1.0,0.0
This celebrity workout class is raising money for Covid-19,Chat with us in Facebook Messenger. Find out what's happening in the world as it unfolds.,"{'id': 'cnn', 'name': 'CNN'}",2020-07-06 13:23:13,https://www.cnn.com/videos/entertainment/2020/07/06/naomi-watts-the-class-at-home-workout-coronavirus-relief-mxp-vpx.hln,0.0,0.01,0.98,0.01
"As COVID-19 surges, 3D printing is having a moment","COVID-19 will be remembered for many things most undoubtedly negative. There are, however, some silver linings among the horrors of the deadliest pandemic in recent memory. Among them, if the sort of… [+1635 chars]","{'id': 'techcrunch', 'name': 'TechCrunch'}",2020-07-06 20:01:54,http://techcrunch.com/2020/07/06/as-covid-19-surges-3d-printing-is-having-a-moment/,0.0,0.07,0.9,0.03
A Mathematician’s Guide to How Contagion Spreads,"But the book was also an effort to understand emerging threats in different areas. In recent years, a big contagion focus has been on misinformation. I think financial crises as well have shaped, and… [+3505 chars]","{'id': 'wired', 'name': 'Wired'}",2020-07-07 11:00:00,https://www.wired.com/story/a-mathematicians-guide-to-how-contagion-spreads/,0.0,0.02,0.97,0.01
Covid Drives Real Businesses to Tap Deepfake Technology,"This month, advertising giant WPP will send unusual corporate training videos to tens of thousands of employees worldwide. A presenter will speak in the recipients language and address them by name, … [+3442 chars]","{'id': 'wired', 'name': 'Wired'}",2020-07-07 11:00:00,https://www.wired.com/story/covid-drives-real-businesses-deepfake-technology/,0.0,0.02,0.97,0.01
Lawmaker with Covid-19 calls state's contact tracing a 'joke',Chat with us in Facebook Messenger. Find out what's happening in the world as it unfolds.,"{'id': 'cnn', 'name': 'CNN'}",2020-07-07 13:01:05,https://www.cnn.com/videos/health/2020/07/07/shevrin-jones-coronavirus-patient-contact-tracing-intv-berman-newday-vpx.cnn,-1.0,0.01,0.1,0.89
Tracing the link between your phone and the next pandemic,"Viruses can jump from animals to humans mining minerals that are used to make smartphones
When humans cut their way through forests to dig up gold and other minerals that go into phones, computers, … [+5289 chars]","{'id': 'the-verge', 'name': 'The Verge'}",2020-07-07 14:00:00,https://www.theverge.com/21314971/phone-mining-pandemic-link-coronavirus-spillover-minerals-electronics,0.0,0.0,0.95,0.05
Microsoft secretly seized domains used in COVID-19-themed email cyberattacks,A court has granted a bid by Microsoft to seize and take control of malicious web domains used in a large-scale cyberattack targeting victims in 62 countries with spoofed emails in an effort to defra… [+3807 chars],"{'id': 'techcrunch', 'name': 'TechCrunch'}",2020-07-07 16:00:04,http://techcrunch.com/2020/07/07/microsoft-domains-covid-19-attacks/,0.0,0.0,0.86,0.14
‘Mafia: Definitive Edition’ is delayed until September due to COVID-19,"As a consolation for the delay, 2K Games has released a 15-second teaser, and the company plans to release an extended look at Mafia: Definitive Edition’s gameplay on July 22nd. Fans will be able to … [+1007 chars]","{'id': 'engadget', 'name': 'Engadget'}",2020-07-07 16:55:50,https://www.engadget.com/mafia-definitive-edition-delay-september-25th-165550506.html,-1.0,0.0,0.04,0.96
Tom Hanks compares Covid-19 to WWII,Chat with us in Facebook Messenger. Find out what's happening in the world as it unfolds.,"{'id': 'cnn', 'name': 'CNN'}",2020-07-07 19:08:20,https://www.cnn.com/videos/entertainment/2020/07/07/tom-hanks-coronavirus-greyhound-movie-orig-jk.cnn,0.0,0.02,0.98,0.0
Inside the turbulent re-launch of Okayplayer: 'It all just came tumbling down',"Image caption
 Rachel Hislop became editor-in-chief of Okayplayer in 2017
June was an unforgettable month for Rachel Hislop. Just not in the way she expected.
For the last two years, she's been pl… [+11874 chars]","{'id': 'bbc-news', 'name': 'BBC News'}",2020-07-07 23:47:47,https://www.bbc.co.uk/news/entertainment-arts-53309953,-1.0,0.01,0.31,0.68
How to Read Covid-19 Research (and Actually Understand It),"Sometimes scientists dont want to wait for the lengthy peer review process to conclude before they publish their research, especially during this pandemic, when their information could help other sci… [+3935 chars]","{'id': 'wired', 'name': 'Wired'}",2020-07-08 12:00:00,https://www.wired.com/story/how-to-read-covid-19-research-and-actually-understand-it/,0.0,0.02,0.96,0.02
Harvard biomedical engineering professor to launch nasal spray that could reduce COVID-19 transmission risk,"A new product developed by Harvard professor of the Pracice of Biomedical Engineering David A. Edwards is set to launch this fall, and claims to be able to provide a nearly 100 percent reduction in t… [+2456 chars]","{'id': 'techcrunch', 'name': 'TechCrunch'}",2020-07-08 15:27:10,http://techcrunch.com/2020/07/08/harvard-biomedical-engineering-professor-to-launch-nasal-spray-that-could-reduce-covid-19-transmission-risk/,-1.0,0.0,0.1,0.9
Doctors are better at treating COVID-19 patients now than they were in March,"Nurses assess a COVID-19 patient in New York. | Photo by Robert Nickelsberg / Getty Images


 But they still don’t have good tools to help people who aren’t severely ill In early March, most doctors … [+6736 chars]","{'id': 'the-verge', 'name': 'The Verge'}",2020-07-08 19:45:45,https://www.theverge.com/2020/7/8/21317128/improved-covid-treatment-hospitals-remdesivir-dexamethasone,1.0,0.84,0.1,0.06
14 VCs discuss COVID-19 and London’s future as a tech hub,"The UK has created 63 tech unicorns in the past decade (according to Dealroom), and it almost goes without saying that the vast majority of those companies were based out of London, the countrys larg… [+4637 chars]","{'id': 'techcrunch', 'name': 'TechCrunch'}",2020-07-09 11:45:56,http://techcrunch.com/2020/07/09/14-vcs-discuss-covid-19-and-londons-future-as-a-tech-hub/,0.0,0.0,1.0,0.0
Everything You Need to Know About the EU Travel Ban,"As more and more international flights resume, many countries have placed bans on who can enter their borders and who cannot. The United States, for instance, is banned from the European Union, due t… [+3483 chars]","{'id': None, 'name': 'Lifehacker.com'}",2020-07-09 18:45:00,https://lifehacker.com/everything-you-need-to-know-about-the-eu-travel-ban-1844323586,-1.0,0.03,0.04,0.93
PC shipments rebound slightly following COVID-19-fueled decline,PC shipments had a rough first quarter for all of the same reasons as everything that isnt a Clorox wipe or N95 mask. People just werent ready to drop a ton of money on a new device. The impact of CO… [+1429 chars],"{'id': 'techcrunch', 'name': 'TechCrunch'}",2020-07-09 21:09:50,http://techcrunch.com/2020/07/09/pc-shipments-rebound-slightly-following-covid-19-fueled-decline/,0.0,0.0,0.98,0.02
Cooper presses CDC director on early Covid-19 testing,Chat with us in Facebook Messenger. Find out what's happening in the world as it unfolds.,"{'id': 'cnn', 'name': 'CNN'}",2020-07-10 01:20:29,https://www.cnn.com/videos/health/2020/07/10/robert-redfield-coronavirus-test-cooper-town-hall-sot-vpx.cnn,0.0,0.0,1.0,0.0
How a ‘Heat Dome’ Forms—and Why This One Is So Perilous,"For many vulnerable Americans, that climactic hellscape isnt approachingits already here, and its colliding with the Covid-19 pandemic. Cooling centers, where folks without air-conditioning can go to… [+4258 chars]","{'id': 'wired', 'name': 'Wired'}",2020-07-10 11:00:00,https://www.wired.com/story/how-a-heat-dome-forms/,0.0,0.03,0.79,0.18
Societal upheaval during the COVID-19 pandemic underscores need for new AI data regulations,"As a long-time proponent of AI regulation that is designed to protect public health and safety while also promoting innovation, I believe Congress must not delay in enacting, on a bipartisan basis, S… [+8611 chars]","{'id': 'techcrunch', 'name': 'TechCrunch'}",2020-07-10 15:50:12,http://techcrunch.com/2020/07/10/societal-upheaval-during-the-covid-19-pandemic-underscores-need-for-new-ai-data-regulations/,0.0,0.01,0.76,0.23
This Map from Harvard Will Show You All the COVID Hotspots in the US,"Since COVID-19 first started to spread in December 2019, it has made its way around the world. When it came to the United States, there were initially a few cases in Seattle, but the first major hots… [+1950 chars]","{'id': None, 'name': 'Lifehacker.com'}",2020-07-11 13:30:00,https://lifehacker.com/this-map-from-harvard-will-show-you-all-the-covid-hotsp-1844344599,0.0,0.11,0.86,0.03
How to Read a Trail Map,"Going on walks and hikes in uncrowded parks is one of the few activities that we can still do without having to worry too much about spreading COVID-19 (assuming that youre either by yourself, with t… [+3605 chars]","{'id': None, 'name': 'Lifehacker.com'}",2020-07-11 14:00:00,https://lifehacker.com/how-to-read-a-trail-map-1844344804,0.0,0.02,0.96,0.02
"How to See a Comet That Won't Be Visible for Another 6,000 Years","Thanks to COVID-19, you may not get to take your kids to the planetarium any time soon. But if theyre into astronomy, youre in luck, because we should be able to see a comet starting tonight. Known a… [+1749 chars]","{'id': None, 'name': 'Lifehacker.com'}",2020-07-12 13:00:00,https://lifehacker.com/how-to-see-a-comet-that-wont-be-visible-for-another-6-0-1844345120,0.0,0.02,0.9,0.08
Coronavirus: Three generations of Bollywood Bachchan family infected,"Image copyrightReutersImage caption
 Abhishek (L) said his wife and daughter would self-isolate at home
Three generations of a high-profile Bollywood family have tested positive for Covid-19, offic… [+3432 chars]","{'id': 'bbc-news', 'name': 'BBC News'}",2020-07-12 14:04:34,https://www.bbc.co.uk/news/world-asia-india-53380291,-1.0,0.02,0.33,0.65
Inside the Milan Hotel That Housed Covid-19 Patients,"Hotel Michelangelo is a fine place to stay. Located in central Milan, it boasts four stars and close proximity to tourist attractions. Not that those things matter much to its recent guests: Theyre f… [+1894 chars]","{'id': 'wired', 'name': 'Wired'}",2020-07-12 14:13:22,https://www.wired.com/story/inside-the-milan-hotel-that-housed-covid-19-patients/,0.0,0.0,1.0,0.0
India's growing Covid-19 waste challenges workers,,"{'id': 'bbc-news', 'name': 'BBC News'}",2020-07-12 23:03:46,https://www.bbc.co.uk/news/av/world-asia-india-53363926/india-s-growing-covid-19-waste-challenges-workers,-1.0,0.0,0.01,0.99
What To Do if Your Credit Card Limit Gets Cut,"The COVID-19 outbreak has had a devastating impact on the U.S. economy. While employers added a promising number of new jobs last month, unemployment is still in the double digits. Although Congress … [+2077 chars]","{'id': None, 'name': 'Lifehacker.com'}",2020-07-13 14:30:00,https://twocents.lifehacker.com/what-to-do-if-your-credit-card-limit-gets-cut-1844343780,0.0,0.01,0.98,0.01
The new school,"Higher education is being transformed by COVID-19, but it goes beyond universities simply “going remote” to try and cope. The changes afoot are holistic, transformative and a long time coming. These … [+10227 chars]","{'id': 'techcrunch', 'name': 'TechCrunch'}",2020-07-13 15:43:58,http://techcrunch.com/2020/07/13/the-new-school/,0.0,0.27,0.7,0.03
Take a Break With a View Out of Someone Else's Window,"With COVID-19 case numbers skyrocketing in the U.S. and other countries restricting who can and cannot cross their borders, we may not be able to travel abroad for a while. Heck, its not a great idea… [+1435 chars]","{'id': None, 'name': 'Lifehacker.com'}",2020-07-13 17:30:00,https://lifehacker.com/take-a-break-with-a-view-out-of-someone-elses-window-1844363627,0.0,0.03,0.72,0.25
What’s the Evidence for Covid-19 Reinfection?,"A small bright spot in the coronavirus disaster has been that people who become sick appear to have at least temporary immunity to the virus. But over the weekend, a Vox article written by a primary … [+6141 chars]","{'id': None, 'name': 'Gizmodo.com'}",2020-07-13 19:52:00,https://gizmodo.com/what-s-the-evidence-for-covid-19-reinfection-1844364577,0.0,0.01,0.98,0.01
Can You Catch COVID-19 Twice?,"Youre probably sick of hearing about the coronavirus, and its only existed on this earth for seven months or soas far as we know. Can people get it twice? A recent case reported in Vox suggests the a… [+3299 chars]","{'id': None, 'name': 'Lifehacker.com'}",2020-07-13 20:00:00,https://vitals.lifehacker.com/can-you-catch-covid-19-twice-1844364195,0.0,0.01,0.99,0.0
Ocean investment could aid post-Covid-19 economic recovery,"(CNN)Every dollar invested in a sustainable ocean economy can yield at least five times the return in benefits, according to a new report commissioned by the High Level Panel for a Sustainable Ocean … [+4555 chars]","{'id': 'cnn', 'name': 'CNN'}",2020-07-13 22:23:34,https://www.cnn.com/2020/07/13/world/ocean-investment-world-resources-institute-cte/index.html,0.0,0.03,0.96,0.01
"3M and MIT partner to develop a new, affordable rapid COVID-19 test","A heavyweight partnership between industry and academic sciences is throwing their considerable weight into an important task: Creating a new low-cost, rapid diagnostic test for COVID-19. Chemical in… [+1626 chars]","{'id': 'techcrunch', 'name': 'TechCrunch'}",2020-07-14 11:52:58,http://techcrunch.com/2020/07/14/3m-and-mit-partner-to-develop-a-new-affordable-rapid-covid-19-test/,0.0,0.05,0.95,0.0
COVID-19 fails to stop the march of the unicorns,"We’re digging into Q2 2020 venture capital results this week.
Today we are exploring U.S.-specific results after taking a broader perspective yesterday. As with every quarter, our goal is to underst… [+1174 chars]","{'id': 'techcrunch', 'name': 'TechCrunch'}",2020-07-14 15:01:15,http://techcrunch.com/2020/07/14/covid-19-fails-to-stop-the-march-of-the-unicorns/,-1.0,0.0,0.0,1.0
Offshore Wind Is Booming Despite the Covid-19 Economic Crash,"Globally, the covid-19 pandemic has taken a toll on nearly every industry, including wind and solar energy. But theres a bright spot: Offshore wind has been booming, according to a new report.
The a… [+2364 chars]","{'id': None, 'name': 'Gizmodo.com'}",2020-07-14 15:45:00,https://earther.gizmodo.com/offshore-wind-is-booming-despite-the-covid-19-economic-1844377463,-1.0,0.0,0.01,0.99
'Just ludicrous.' Cooper slams Trump's Covid-19 comments,Chat with us in Facebook Messenger. Find out what's happening in the world as it unfolds.,"{'id': 'cnn', 'name': 'CNN'}",2020-07-15 00:35:25,https://www.cnn.com/videos/politics/2020/07/15/kth-trump-rose-garden-comments-coronavirus-sot-ac360-vpx.cnn,-1.0,0.0,0.0,1.0
Coronavirus: How Covid-19 hit the comedy industry,"Image copyrightJeff Kravitz/GettyImage caption
 US comedian Ayo Edebiri has seen live performances cease
For comedian Ayo Edebiri the coronavirus pandemic has been no laughing matter - in more ways… [+7537 chars]","{'id': 'bbc-news', 'name': 'BBC News'}",2020-07-15 23:37:50,https://www.bbc.co.uk/news/business-53360858,0.0,0.04,0.95,0.01
